highlighted_texts,top_word,label,confidence
꿈만 같아요,가격,positive,"{'negative': 0.00995304, 'positive': 99.947815, 'neutral': 0.04223542}"
[전국 주요 신문 톱뉴스](29일 조간,신문,neutral,"{'negative': 0.019764842, 'positive': 0.018615045, 'neutral': 99.96162}"
정부 지원 요구 공동 대응,요구,neutral,"{'negative': 0.12634115, 'positive': 0.14289905, 'neutral': 99.73076}"
미국 지켜주는 미사일 일?…1 국 지켜주는 미,미국,negative,"{'negative': 74.96424, 'positive': 0.025858501, 'neutral': 25.009897}"
치열한 공방,가격,negative,"{'negative': 99.96666, 'positive': 0.004720351, 'neutral': 0.028620332}"
총선 결과와 무관한 脫탈원전 당위성,결과,neutral,"{'negative': 0.2208651, 'positive': 0.0229545, 'neutral': 99.75618}"
2035년까지 탄소 없는 도시 완성,완성,neutral,"{'negative': 1.2039825, 'positive': 6.2794003, 'neutral': 92.51662}"
울산 등 ‘6월 시행’ 분산에너지 특별법 대비 ‘한창,대비,positive,"{'negative': 0.023143128, 'positive': 99.91707, 'neutral': 0.059786174}"
신입 아나운서 월급 60만원' 신입,신입,neutral,"{'negative': 4.600722, 'positive': 0.25570792, 'neutral': 95.14357}"
총력,총력,neutral,"{'negative': 0.50215393, 'positive': 26.132124, 'neutral': 73.36572}"
룩셈부르크 견학 간 이유는,견학,neutral,"{'negative': 0.036569018, 'positive': 0.01989226, 'neutral': 99.94354}"
국비 확보 전략은?,국비,neutral,"{'negative': 0.04661774, 'positive': 0.072334744, 'neutral': 99.88105}"
풍력발전기 남은 전력 재활용해 야간 관광지 조성,관광지,neutral,"{'negative': 0.07992584, 'positive': 1.4674015, 'neutral': 98.452675}"
교통부분 3대 혁신과제 구체적 방안 필요,과제,neutral,"{'negative': 0.1255932, 'positive': 0.04402085, 'neutral': 99.83038}"
2035 탄소중립 비전 선포,선포,neutral,"{'negative': 0.084222265, 'positive': 0.2249924, 'neutral': 99.69079}"
맞손,가격,neutral,"{'negative': 0.14603041, 'positive': 1.9102725, 'neutral': 97.943695}"
30일 제주서 개막,개막,neutral,"{'negative': 0.022797266, 'positive': 0.039549537, 'neutral': 99.93765}"
해상풍력 발전 등 에너지 대전환 협력 맞손,발전,neutral,"{'negative': 0.07445177, 'positive': 0.10760815, 'neutral': 99.81794}"
값 50원 올라 1천658.09원 기록,기록,neutral,"{'negative': 0.1031604, 'positive': 0.12090626, 'neutral': 99.77593}"
권한 없는 ‘지방자치’ 탓,권한,negative,"{'negative': 99.97756, 'positive': 0.0053728065, 'neutral': 0.017065782}"
해상풍력 선도 기업 변모,변모,neutral,"{'negative': 0.029827364, 'positive': 0.11091326, 'neutral': 99.85926}"
[인사,인사,neutral,"{'negative': 0.03190933, 'positive': 0.020718303, 'neutral': 99.94737}"
해상풍력사업 컨퍼런스 열어,컨퍼런스,neutral,"{'negative': 0.0380469, 'positive': 0.1962296, 'neutral': 99.765724}"
세계 어디서나 먹었던 시간의 맛,서나,neutral,"{'negative': 0.017943589, 'positive': 0.07825875, 'neutral': 99.9038}"
협력 강화,강화,neutral,"{'negative': 0.15174864, 'positive': 0.78693014, 'neutral': 99.06132}"
[CES24 현장,현장,neutral,"{'negative': 0.02256225, 'positive': 0.043009814, 'neutral': 99.934425}"
절감 기대,기대,positive,"{'negative': 0.018307995, 'positive': 99.96983, 'neutral': 0.011858565}"
지역별 차등요금제 도입,금제,neutral,"{'negative': 0.096856825, 'positive': 0.0729897, 'neutral': 99.830154}"
내년 APEC 정상회의 최적지,최적,neutral,"{'negative': 0.21889932, 'positive': 1.7089894, 'neutral': 98.07211}"
우주산업 분야 협력 모색,우주,neutral,"{'negative': 0.04725998, 'positive': 0.04994101, 'neutral': 99.9028}"
차별화 전략 도입,차별,neutral,"{'negative': 0.16206123, 'positive': 3.2085397, 'neutral': 96.6294}"
남녀노소 즐기는 과학체험,남녀,positive,"{'negative': 0.016225979, 'positive': 99.70558, 'neutral': 0.2781906}"
"직류배전 시대 앞당긴다 전, 직류배전 시대 앞당긴다…",배전,positive,"{'negative': 0.04698178, 'positive': 85.83975, 'neutral': 14.113263}"
그린에너지’ 등 미래 신산업 인재 양성,양성,neutral,"{'negative': 0.10156425, 'positive': 5.0204434, 'neutral': 94.87799}"
"돌래떡 만들어  ""돌래떡 만들어 볼래요?""",가격,neutral,"{'negative': 0.2848257, 'positive': 14.227379, 'neutral': 85.48779}"
"RE100 민의미래 김소희,",김소희,negative,"{'negative': 85.66171, 'positive': 0.023250008, 'neutral': 14.315041}"
아랍권과 국제 네트워크 강화,아랍권,neutral,"{'negative': 0.062136516, 'positive': 0.5563097, 'neutral': 99.38155}"
전기화물차 제조사와 화재 예방 위해 맞손,조사,neutral,"{'negative': 0.08309321, 'positive': 0.62972397, 'neutral': 99.287186}"
"[정치쇼 치쇼] ""강원도 [정치쇼] """,정치,negative,"{'negative': 74.980896, 'positive': 0.008704882, 'neutral': 25.010399}"
제주도 지하수 보호 방안 추진,보호,neutral,"{'negative': 0.22611684, 'positive': 3.2067382, 'neutral': 96.56715}"
7∼11일 중국 자율주행 기업 등 방문,방문,neutral,"{'negative': 0.07137624, 'positive': 0.024006356, 'neutral': 99.90462}"
[팔도핫플레이스 플레이스]여,레이스,positive,"{'negative': 0.007209876, 'positive': 85.712204, 'neutral': 14.280582}"
치열한 공방,가격,negative,"{'negative': 94.61483, 'positive': 0.013935752, 'neutral': 5.3712325}"
타당한가,당한,neutral,"{'negative': 0.3143109, 'positive': 0.019024298, 'neutral': 99.666664}"
재생에너지가 관광을 만나,재생에너지,neutral,"{'negative': 0.07966965, 'positive': 6.769562, 'neutral': 93.15077}"
서울서 6년간 73곳 폐업,폐업,negative,"{'negative': 99.96503, 'positive': 0.009452357, 'neutral': 0.025522178}"
어선 사고 피해 최소화한다,사고,positive,"{'negative': 0.04443883, 'positive': 99.87627, 'neutral': 0.07929532}"
민주 평화 협약,민주,neutral,"{'negative': 0.06018687, 'positive': 0.04973087, 'neutral': 99.89008}"
국제에너지기구 전기차 기술협력프로그램 집행위원회 개최,기구,neutral,"{'negative': 0.03851259, 'positive': 0.02048342, 'neutral': 99.941}"
에너지 등 5개 기업 CES2024 참가,참가,neutral,"{'negative': 0.032647945, 'positive': 0.03523647, 'neutral': 99.93211}"
제주도와 전기차 사용 후 배터리 사업 협력 약속,약속,neutral,"{'negative': 0.03965767, 'positive': 0.076090135, 'neutral': 99.884254}"
수소경제 체계적으로 키운다 체계적으로 키운다…,체계,positive,"{'negative': 0.05077299, 'positive': 78.982185, 'neutral': 20.967043}"
풍력발전기 아래서 누리는 ‘바람멍’의 여유,아래,neutral,"{'negative': 0.022315284, 'positive': 0.5310664, 'neutral': 99.44662}"
[하루만보 하루천자 하루만보 하루천자,하루,positive,"{'negative': 0.025651647, 'positive': 82.53632, 'neutral': 17.43802}"
미래 성장산업으로 부상하며 첫 자격시험 성료,부상,positive,"{'negative': 0.036433663, 'positive': 99.95531, 'neutral': 0.0082584135}"
업무 노트북 들고  업무 노트북 들고 다른,노트북,neutral,"{'negative': 0.16993372, 'positive': 0.05607433, 'neutral': 99.773994}"
제주 해발 400m에 1조7000억 관광단지 추진,해발,neutral,"{'negative': 0.12629747, 'positive': 0.30668682, 'neutral': 99.56702}"
[친환경이 돈이다 분뇨 변신은 무죄…친,무죄,positive,"{'negative': 0.031456072, 'positive': 85.06344, 'neutral': 14.905107}"
기술상용화 박차,박차,neutral,"{'negative': 0.04766127, 'positive': 0.4311925, 'neutral': 99.52115}"
제주대 재학생 10명 선발 위성교육프로그램 진행,선발,neutral,"{'negative': 0.037090752, 'positive': 0.019611306, 'neutral': 99.9433}"
녹색섬 제주 이끄는 리더가 되다,리더,positive,"{'negative': 0.012433294, 'positive': 99.87816, 'neutral': 0.10940595}"
단층 방향 달라,단층,neutral,"{'negative': 0.26068074, 'positive': 0.036630288, 'neutral': 99.70269}"
과잉 생산으로 인한 출력제어는 ‘숙제,과잉,negative,"{'negative': 99.65916, 'positive': 0.008177842, 'neutral': 0.33266163}"
낮기온 크게 올라 포근,기온,neutral,"{'negative': 0.32066137, 'positive': 3.5133448, 'neutral': 96.16599}"
젊은 공직자의 혁신 아이디어’가 제주의 미래다,공직자,neutral,"{'negative': 0.06863956, 'positive': 5.2134533, 'neutral': 94.71791}"
한화 계열 중산간 관광단지 개발 사업 입지 검토,계열,neutral,"{'negative': 0.1278091, 'positive': 0.06653681, 'neutral': 99.80566}"
맞손,가격,neutral,"{'negative': 0.2933067, 'positive': 0.041128647, 'neutral': 99.665565}"
협력 다짐,다짐,neutral,"{'negative': 0.05108587, 'positive': 0.059598465, 'neutral': 99.88931}"
에너지 복지 늘어날까 ... 야권 4개 정당,야권,positive,"{'negative': 0.029238563, 'positive': 85.61046, 'neutral': 14.360307}"
[오늘의 주요일정,일정,neutral,"{'negative': 0.018731663, 'positive': 0.01816207, 'neutral': 99.963104}"
제주지역 특화산업 발굴 지원 나섰다,발굴,neutral,"{'negative': 0.017016368, 'positive': 0.26702848, 'neutral': 99.71596}"
RIS 2차년도 사업 확정,년도,neutral,"{'negative': 0.016120479, 'positive': 0.050729644, 'neutral': 99.93315}"
신규 탄소흡수원 ‘블루카본’ 부산 연안서 활용 방안 모색,부산,neutral,"{'negative': 0.049314223, 'positive': 0.06916456, 'neutral': 99.88152}"
시간의 경계선이 묻는다 선이 묻는다… 당 시간의 경계선이 묻는다…,경계,neutral,"{'negative': 1.5380223, 'positive': 0.14206146, 'neutral': 98.319916}"
보수표’ 놓고 난타전,보수,negative,"{'negative': 99.97916, 'positive': 0.0070092855, 'neutral': 0.013833886}"
"배터리 등 기재부 신성장추진단, 그린",기재부,neutral,"{'negative': 0.054416254, 'positive': 0.41340646, 'neutral': 99.53218}"
더불어 행복한 제주 위해 소통,소통,positive,"{'negative': 0.013594321, 'positive': 99.95825, 'neutral': 0.028150287}"
신기술 시험 등 혁신기관 협력해야,기관,neutral,"{'negative': 0.11283375, 'positive': 0.10396076, 'neutral': 99.7832}"
전수조사해야,사해,negative,"{'negative': 99.96466, 'positive': 0.0040576267, 'neutral': 0.03128047}"
디스플레이 공정 개선 필요,공정,neutral,"{'negative': 0.28663558, 'positive': 0.23137137, 'neutral': 99.481995}"
제주도는 아냐,제주도,neutral,"{'negative': 0.33815134, 'positive': 0.027033279, 'neutral': 99.63482}"
"직류배전 시대 연다 전, 직류배전 시대 연다…""",배전,positive,"{'negative': 0.041865695, 'positive': 85.67186, 'neutral': 14.286275}"
"[비즈 산건설, 위브 챔피언십 갤러리티켓 수익",갤러리,neutral,"{'negative': 0.028135542, 'positive': 0.05544164, 'neutral': 99.91642}"
현대글로비스가 맡아 처리한다,글로비스,neutral,"{'negative': 0.047645703, 'positive': 0.06312692, 'neutral': 99.88923}"
지구의 날’ 맞아 행사 다채,행사,positive,"{'negative': 0.013266675, 'positive': 99.81843, 'neutral': 0.16830422}"
성인 과일 섭취량 ‘뚝,과일,neutral,"{'negative': 0.1306961, 'positive': 2.8136852, 'neutral': 97.05562}"
환경첨단기술 보금자리 ‘2막’ 연다,보금자리,neutral,"{'negative': 0.015113457, 'positive': 0.113584206, 'neutral': 99.8713}"
[전국 주요 신문 톱뉴스](13일 조간,신문,neutral,"{'negative': 0.019297926, 'positive': 0.018831592, 'neutral': 99.96187}"
순환경제 기반 다진다,순환,positive,"{'negative': 0.034907565, 'positive': 94.58647, 'neutral': 5.378622}"
제주 즐기기 ,제주,positive,"{'negative': 0.018455245, 'positive': 99.93152, 'neutral': 0.050024834}"
한국의 ‘기후 선거구’는 어디인가,선거구,neutral,"{'negative': 0.1511443, 'positive': 0.016227707, 'neutral': 99.83263}"
[팔도핫플레이스,레이스,neutral,"{'negative': 0.018163238, 'positive': 0.0873857, 'neutral': 99.89445}"
미래 모빌리티 등 신성장 프로젝트 추진,프로젝트,neutral,"{'negative': 0.02402595, 'positive': 0.039964695, 'neutral': 99.93601}"
사내커플이 줄어든 이유 보니,커플,neutral,"{'negative': 0.3003186, 'positive': 0.051810514, 'neutral': 99.64787}"
빗길 산책이 건강에 더 좋은 점,건강,positive,"{'negative': 0.0052714953, 'positive': 99.978195, 'neutral': 0.016533848}"
제주 제2공항 쟁점속 지역 상권 활성화,공항,neutral,"{'negative': 0.099834464, 'positive': 0.050561152, 'neutral': 99.8496}"
암이 생겼다고  제주 주 와서 암이 생겼다고 생각하,생각,neutral,"{'negative': 0.051525347, 'positive': 0.05479668, 'neutral': 99.89368}"
내년 말까지 그린수소 충전소 4곳으로 확대,내년,neutral,"{'negative': 0.057279892, 'positive': 0.5522469, 'neutral': 99.39047}"
금천구 학교 밖 청소년들 제주도 힐링 여행,금천구,positive,"{'negative': 0.031060778, 'positive': 99.9499, 'neutral': 0.019042227}"
제주도 민주당 대진표  확정,대진표,neutral,"{'negative': 0.06692584, 'positive': 0.06724231, 'neutral': 99.86583}"
더 나은 세상을 위한 협력,나은,neutral,"{'negative': 0.1293578, 'positive': 9.256658, 'neutral': 90.61398}"
[주요 단신] 국민의힘 제주도당 선대위 출범 주요 단신] 국,단신,neutral,"{'negative': 0.038172033, 'positive': 0.03539588, 'neutral': 99.92643}"
여성’ 빠졌다,여성,negative,"{'negative': 99.967995, 'positive': 0.008474956, 'neutral': 0.023528403}"
민생경제 회복  최선,최선,neutral,"{'negative': 0.1473239, 'positive': 38.21276, 'neutral': 61.639915}"
한덕수 총리 예방 연내 행정체제 투표 지원 건의,건의,neutral,"{'negative': 0.09799673, 'positive': 0.06184834, 'neutral': 99.84016}"
에너지 대전환 비전 발표,발표,neutral,"{'negative': 0.05216355, 'positive': 0.13983874, 'neutral': 99.808}"
풀뿌리’ 살려보려고 취약한 ‘,뿌리,negative,"{'negative': 81.5481, 'positive': 0.10260426, 'neutral': 18.34929}"
세계 주목 받겠다,주목,neutral,"{'negative': 0.14525054, 'positive': 2.0913281, 'neutral': 97.76342}"
우리 생명은 그렇게 빛과 색이며 따스함이다,빛과,positive,"{'negative': 0.011714362, 'positive': 99.98209, 'neutral': 0.006191796}"
2035 탄소중립 달성 시나리오 제시 제주특별자,특별,neutral,"{'negative': 0.052634478, 'positive': 0.0362057, 'neutral': 99.91116}"
2개 특화사업본부장 임명,본부장,neutral,"{'negative': 0.052865688, 'positive': 0.029372362, 'neutral': 99.91776}"
[인터뷰,인터뷰,neutral,"{'negative': 0.16625038, 'positive': 0.017183512, 'neutral': 99.81657}"
신성장산업기업 청년 신규채용하면 월 120만원 1년간 지원,채용,neutral,"{'negative': 0.07803917, 'positive': 4.2086067, 'neutral': 95.713356}"
日 오키나와 ‘3자간 네트워크 협의체’ 발족 추진,발족,neutral,"{'negative': 0.08246294, 'positive': 0.019589681, 'neutral': 99.89795}"
‘재생에너지 통합발전소 서비스’ 동남아시아 진출 MOU,동남아시아,neutral,"{'negative': 0.056265656, 'positive': 0.082364455, 'neutral': 99.86137}"
전국 첫 분산에너지 특화지역 선점 활발,활발,positive,"{'negative': 0.021734325, 'positive': 99.859215, 'neutral': 0.11905408}"
"총선 예비후보를 만나다 총선 예비후보를 만나다]김승욱,",예비,positive,"{'negative': 0.012362656, 'positive': 85.68653, 'neutral': 14.301109}"
출력제어 문제 사라지나 력제어 문제 사라지나… 제주 전국 첫 재생에너지 입찰,제어,neutral,"{'negative': 0.12827726, 'positive': 0.035438463, 'neutral': 99.83628}"
이상순이 직접 밝힌 카페 폐업 이유,이상순,negative,"{'negative': 99.96806, 'positive': 0.004925263, 'neutral': 0.027010718}"
"한국 넉달 못 버틴다 ""이 항로 막",항로,negative,"{'negative': 50.04245, 'positive': 48.700848, 'neutral': 1.2567014}"
미래산업 유망 스타트업 중심 경남 벤처투자 생태계 다진다,경남,neutral,"{'negative': 0.037967943, 'positive': 1.0208483, 'neutral': 98.941185}"
지방소멸 위기,소멸,negative,"{'negative': 99.972206, 'positive': 0.010862385, 'neutral': 0.016928686}"
캄보디아 시엠립주 교류협력 강화,시엠립,neutral,"{'negative': 0.05747886, 'positive': 0.39367726, 'neutral': 99.54884}"
직류,직류,neutral,"{'negative': 0.08149544, 'positive': 1.0311873, 'neutral': 98.887314}"
"[네트워크  제주도 ""2035년까지 아시아 최초 무탄소 ",아시아,negative,"{'negative': 76.366974, 'positive': 4.9296465, 'neutral': 18.703382}"
생산기지 만들고 목조건축 늘리고 수소 트램·생산기지 만들,기지,neutral,"{'negative': 0.14416906, 'positive': 2.1369264, 'neutral': 97.7189}"
동서발전  ‘신재생에너지로의 전환 잰걸음,걸음,neutral,"{'negative': 0.05236046, 'positive': 0.47775716, 'neutral': 99.46988}"
내 집 마련 문턱 낮춘다,문턱,positive,"{'negative': 0.011370418, 'positive': 99.907036, 'neutral': 0.08159584}"
주민반대 딛고 6년 뒤 ,반대,positive,"{'negative': 0.029058058, 'positive': 99.86864, 'neutral': 0.10230105}"
지정 속도 낸다,속도,neutral,"{'negative': 0.02191538, 'positive': 0.10021089, 'neutral': 99.87788}"
굳이 제주까지 가서 ,굳이,neutral,"{'negative': 0.20784242, 'positive': 0.057320848, 'neutral': 99.73484}"
쓰레기봉툿값 700원 쓰레기봉툿값 700원,봉툿값,negative,"{'negative': 85.70235, 'positive': 0.012231481, 'neutral': 14.28542}"
‘개사과’라도 다행이야 다행이야…209,다행,positive,"{'negative': 49.898754, 'positive': 49.939045, 'neutral': 0.16220254}"
문대림-고광철 공방  치열,광철,neutral,"{'negative': 35.994568, 'positive': 0.090307154, 'neutral': 63.915127}"
추진효율 향상된 ,향상,positive,"{'negative': 0.027728098, 'positive': 99.95808, 'neutral': 0.014195133}"
APEC 유치 사활 건 제주,사활,neutral,"{'negative': 0.0599623, 'positive': 0.10583127, 'neutral': 99.834206}"
윤 대통령 제주 민생토론회 언제쯤,대통령,neutral,"{'negative': 0.101374626, 'positive': 0.023161864, 'neutral': 99.875465}"
안간힘,안간힘,neutral,"{'negative': 5.667846, 'positive': 0.20532015, 'neutral': 94.12683}"
은행남무 기념 식수 의미는,기념,neutral,"{'negative': 0.071499094, 'positive': 0.032767575, 'neutral': 99.89574}"
이렇게 가능했다 농가에 자양강장,자양,positive,"{'negative': 0.026517987, 'positive': 85.677666, 'neutral': 14.295819}"
수소 트램,트램,neutral,"{'negative': 0.08760415, 'positive': 0.3905513, 'neutral': 99.52184}"
비전 냈다,가격,neutral,"{'negative': 0.0334546, 'positive': 0.12977184, 'neutral': 99.83678}"
벤츠부터 테슬라까지  명품 전기차 타고 ,명품,neutral,"{'negative': 0.3552759, 'positive': 1.5077256, 'neutral': 98.137}"
감면은 물론 직원 거주비 지원,거주,positive,"{'negative': 0.5371888, 'positive': 94.934135, 'neutral': 4.528673}"
사무실 아닌   '여기'서 ,사무실,neutral,"{'negative': 0.14849307, 'positive': 0.022552384, 'neutral': 99.82896}"
난개발 논란,논란,negative,"{'negative': 99.98104, 'positive': 0.008279462, 'neutral': 0.010679409}"
에너지 대전환 비전 발표,발표,neutral,"{'negative': 0.05216355, 'positive': 0.13983874, 'neutral': 99.808}"
대접받지 못한 이들 대변하는 국회의원 되고 ,국회의원,negative,"{'negative': 99.95963, 'positive': 0.010192227, 'neutral': 0.030175496}"
"제주 중산간에 대규모 개발 사업 추진 화, 제주 중산",중산,negative,"{'negative': 85.698074, 'positive': 0.025013212, 'neutral': 14.276912}"
신성장 사업 차질 없는 이행으로 역동성 제고,동성,positive,"{'negative': 0.02154514, 'positive': 99.957344, 'neutral': 0.021114463}"
빌리티 맡는다,가격,neutral,"{'negative': 0.06360202, 'positive': 0.081259675, 'neutral': 99.85514}"
전국 최초 ‘어나더 오피스,어나더,positive,"{'negative': 0.02824448, 'positive': 99.88501, 'neutral': 0.08674255}"
수소경제 협력 논의,논의,neutral,"{'negative': 0.052650455, 'positive': 0.06015941, 'neutral': 99.88719}"
산업현장 숙련기술자 우대,기술자,positive,"{'negative': 0.026785774, 'positive': 99.41157, 'neutral': 0.56164604}"
난개발 논란 예상,예상,negative,"{'negative': 99.98043, 'positive': 0.009412807, 'neutral': 0.010155439}"
제주 농가 악취 해결될까,악취,negative,"{'negative': 99.9568, 'positive': 0.011071615, 'neutral': 0.032127604}"
국내 최초 CE 인증으로 글로벌 시장 공략 가속화,가속,positive,"{'negative': 0.011985563, 'positive': 99.96381, 'neutral': 0.024201935}"
관광객 증대 기여,기여,positive,"{'negative': 0.01654768, 'positive': 99.92666, 'neutral': 0.056791455}"
뒤 한국 시장 활짝,활짝,neutral,"{'negative': 0.11328562, 'positive': 0.5833989, 'neutral': 99.303314}"
주말 서울 도심 행진 세월호참사,도심,negative,"{'negative': 84.09148, 'positive': 0.039566696, 'neutral': 15.8689575}"
불필요하다,가격,negative,"{'negative': 99.27107, 'positive': 0.04541896, 'neutral': 0.68350714}"
"[C테크나우 …""100조 해상풍력",나우,neutral,"{'negative': 0.24319836, 'positive': 2.4097705, 'neutral': 97.34703}"
재생에너지로 조달,조달,neutral,"{'negative': 0.03441705, 'positive': 0.05428, 'neutral': 99.9113}"
한국인 간첩죄 체포 왜  체포 왜?…“,체포,negative,"{'negative': 99.95996, 'positive': 0.004500145, 'neutral': 0.03553698}"
희망 상임위로 본 의정 활동 방향은?,상임,neutral,"{'negative': 0.05946603, 'positive': 0.029704407, 'neutral': 99.91083}"
"전장이 미래다 래다""…LG화학, 차량",전장,neutral,"{'negative': 0.02781513, 'positive': 0.0653075, 'neutral': 99.906876}"
국가보다 15년 일찍 ‘탄소중립  국가보다 15년 일,국가,neutral,"{'negative': 0.08130984, 'positive': 0.431878, 'neutral': 99.48681}"
너무 많은 전기 생산 문제,생산,negative,"{'negative': 99.98023, 'positive': 0.008217256, 'neutral': 0.011551203}"
낙뢰 맞고 바람 나빠도 가동률 98.1,낙뢰,negative,"{'negative': 99.90152, 'positive': 0.059889287, 'neutral': 0.03858748}"
한국에도 이런 곳이 한국에도 이런 곳이,한국,neutral,"{'negative': 0.039956424, 'positive': 0.0751236, 'neutral': 99.88492}"
4월 10일은 심판의 날,심판,negative,"{'negative': 99.93541, 'positive': 0.0043708985, 'neutral': 0.060220286}"
2024년 춘계학술대회 성료,대회,positive,"{'negative': 0.0435123, 'positive': 99.94983, 'neutral': 0.0066608614}"
나무 벤 자리에 나무 심는 이상한 제주도 행정,나무,negative,"{'negative': 99.96877, 'positive': 0.0069301194, 'neutral': 0.024298731}"
백남준  '백남준'의 비,백남준,neutral,"{'negative': 0.020964505, 'positive': 0.020387238, 'neutral': 99.95865}"
신안 햇빛연금 징수,신안,neutral,"{'negative': 0.20644732, 'positive': 0.13218594, 'neutral': 99.66137}"
호반그룹 편입 후 5년 연속 호실적,그룹,positive,"{'negative': 0.030148415, 'positive': 99.953064, 'neutral': 0.016788915}"
공염불 된 교육부의 대학규제 철폐,교육부,neutral,"{'negative': 23.513618, 'positive': 1.8145121, 'neutral': 74.67187}"
재생에너지도 전력시장 입찰 참여,참여,neutral,"{'negative': 0.026880503, 'positive': 0.023755759, 'neutral': 99.94936}"
항공우주분야 인재 양성 1번지로,번지,neutral,"{'negative': 0.045389794, 'positive': 0.17025135, 'neutral': 99.784355}"
지방분권의 불씨를 지피자,분권,neutral,"{'negative': 0.03758612, 'positive': 0.7884022, 'neutral': 99.17401}"
우수한 숙련 기술 갖춘 ‘제주도 명장,명장,positive,"{'negative': 0.011159158, 'positive': 99.96377, 'neutral': 0.025071079}"
희망 상임위로 본 의정활동 방향은?,상임,neutral,"{'negative': 0.05946603, 'positive': 0.029704407, 'neutral': 99.91083}"
물결,물결,neutral,"{'negative': 0.07878805, 'positive': 2.0006254, 'neutral': 97.920586}"
지방소멸 극복 위해 ,극복,neutral,"{'negative': 0.09774657, 'positive': 0.7499576, 'neutral': 99.1523}"
연료비 부담 덜겠네,연료비,positive,"{'negative': 0.040485844, 'positive': 99.88916, 'neutral': 0.070350625}"
보령방조제 갯벌생태계 복원 위한 염생식물 식재外,갯벌,neutral,"{'negative': 0.16056415, 'positive': 17.95409, 'neutral': 81.885345}"
제주에너지공사 혁신성장 현장 간담회 진행,간담,neutral,"{'negative': 0.032716624, 'positive': 0.047792163, 'neutral': 99.919495}"
상권 살아나고 어획량 늘어,어획,positive,"{'negative': 0.024970641, 'positive': 99.96137, 'neutral': 0.013656391}"
중국 화학 산업 추격,추격,neutral,"{'negative': 0.18698639, 'positive': 0.050927036, 'neutral': 99.762085}"
2035년 탄소중립 달성,달성,neutral,"{'negative': 0.088665, 'positive': 0.440581, 'neutral': 99.47076}"
한결,한결,neutral,"{'negative': 0.11899206, 'positive': 0.14078937, 'neutral': 99.74022}"
[중부발전 소식 000만원 전달…협,전달,positive,"{'negative': 0.028304921, 'positive': 85.59669, 'neutral': 14.375009}"
학교야 마을을 부탁해,부탁,neutral,"{'negative': 0.2453547, 'positive': 0.09685162, 'neutral': 99.65779}"
시행착오가 약,시행착오,neutral,"{'negative': 0.04514306, 'positive': 0.016932135, 'neutral': 99.93793}"
경로당에 태양광 넣어,경로당,neutral,"{'negative': 0.17023355, 'positive': 11.713525, 'neutral': 88.11624}"
[연합뉴스 이 시각 헤드라인 연합뉴스 이 ,연합뉴스,neutral,"{'negative': 0.02408865, 'positive': 0.017513825, 'neutral': 99.9584}"
2035년 아시아 최초 무탄소 도시 도전,도전,neutral,"{'negative': 0.08735011, 'positive': 0.05227396, 'neutral': 99.860374}"
생선회’ 너무 비싸다  했다,생선회,negative,"{'negative': 99.97545, 'positive': 0.0078041065, 'neutral': 0.016743753}"
레저 관광단지 조성 추진,레저,neutral,"{'negative': 0.040109325, 'positive': 0.1613288, 'neutral': 99.79856}"
"[데일리안 오늘뉴스 종합 ] 정부 ""의대증원 ",뉴스,negative,"{'negative': 83.81912, 'positive': 0.012319395, 'neutral': 16.16856}"
제주서 추진 ‘한화 관광단지’ 특혜 논란 확산,특혜,negative,"{'negative': 99.9828, 'positive': 0.006047688, 'neutral': 0.011145189}"
제주시와 전기차 ‘사용 후 배터리’ 관리체계 구축,관리,neutral,"{'negative': 0.044698898, 'positive': 0.05645576, 'neutral': 99.89884}"
기회 주시길,기회,neutral,"{'negative': 0.12202914, 'positive': 0.13843508, 'neutral': 99.73953}"
[픽 [픽! 제주] 숲에서 새,제주,neutral,"{'negative': 0.14137526, 'positive': 0.044892438, 'neutral': 99.813736}"
자치권 강화해야,자치권,neutral,"{'negative': 0.14374268, 'positive': 0.034313906, 'neutral': 99.821945}"
중기의 역발상,발상,neutral,"{'negative': 0.19306062, 'positive': 3.9413764, 'neutral': 95.86556}"
10대 어젠다,어젠다,neutral,"{'negative': 0.098683685, 'positive': 0.030419115, 'neutral': 99.870895}"
국내 최대 제주 광역 음식물류 폐기물 자원화시설 준공,자원,neutral,"{'negative': 0.08294082, 'positive': 1.7210724, 'neutral': 98.195984}"
2035년까지 ,가격,neutral,"{'negative': 0.07225668, 'positive': 0.11156482, 'neutral': 99.81618}"
나도 끓고,가격,negative,"{'negative': 99.80953, 'positive': 0.008931035, 'neutral': 0.1815364}"
탄소중립도시’ 노린다,도시,neutral,"{'negative': 0.14545597, 'positive': 2.8823571, 'neutral': 96.97218}"
중국 지방정부와 교류 강화로 공동번영,번영,positive,"{'negative': 0.021563478, 'positive': 99.86724, 'neutral': 0.11119554}"
남아도 문제 ‘전력 아이러니,남아도,negative,"{'negative': 99.98022, 'positive': 0.0061575267, 'neutral': 0.013622588}"
‘바이오가스’는 에너지로,가스,positive,"{'negative': 0.043749597, 'positive': 99.86756, 'neutral': 0.08869261}"
2035년 아시아 첫 무탄소 도시로,아시아,neutral,"{'negative': 0.06856149, 'positive': 0.08652933, 'neutral': 99.84491}"
새 출발이자 전환점,이자,positive,"{'negative': 0.021370534, 'positive': 99.870346, 'neutral': 0.10828299}"
주니어 생글 기자가 간다 주니어 생글 기자가 간다] 여,기자,neutral,"{'negative': 0.04151507, 'positive': 0.7041714, 'neutral': 99.25431}"
도시 밑그림 공개된다,밑그림,neutral,"{'negative': 0.028095135, 'positive': 0.02167137, 'neutral': 99.95023}"
[포토타임]순직 소방공무원 9명 [포토타임]순직,순직,negative,"{'negative': 79.86057, 'positive': 0.06591739, 'neutral': 20.073511}"
도-우즈벡 미래에너지 기술 교류회 등,우즈벡,neutral,"{'negative': 0.024440795, 'positive': 0.023278352, 'neutral': 99.95228}"
정치신인의 신선함이 오히려 장점,신인,positive,"{'negative': 0.018055407, 'positive': 99.96684, 'neutral': 0.0151029425}"
정상회의 한국 개최 의미 다뤄,의미,neutral,"{'negative': 0.025596607, 'positive': 0.049691066, 'neutral': 99.92471}"
우려,우려,negative,"{'negative': 99.9818, 'positive': 0.008638489, 'neutral': 0.009561474}"
일 지방정부 간 교류와 협력 강화 모색,지방정부,neutral,"{'negative': 0.09842555, 'positive': 4.62559, 'neutral': 95.275986}"
신재생 전력으로 제주 풍력발전기에 야간 조명,조명,neutral,"{'negative': 0.037533697, 'positive': 0.030826729, 'neutral': 99.93164}"
주민 갈등은 아직,갈등,negative,"{'negative': 99.971016, 'positive': 0.00676539, 'neutral': 0.022215495}"
햇빛 이익공유 논란 바람·햇빛,햇빛,negative,"{'negative': 85.6879, 'positive': 0.006591267, 'neutral': 14.305511}"
분산에너지법 시행 앞두고 전력시장 토론회 개최 분산에너지법 시행 ,지법,neutral,"{'negative': 0.058213305, 'positive': 0.025468573, 'neutral': 99.91632}"
제주 애월 개발 논란 일축,애월,neutral,"{'negative': 0.2207783, 'positive': 2.8625424, 'neutral': 96.91668}"
"제주에서 토레스 EVX 타보세요 ""제주에서 토레스 EVX 타보세요""…",토레스,neutral,"{'negative': 0.04973792, 'positive': 0.05559863, 'neutral': 99.89466}"
나무심기’ 등 지자체 주민 의견 반영 탄소중립 기본계획 수립,계획,neutral,"{'negative': 0.070707135, 'positive': 0.17453034, 'neutral': 99.75476}"
포커스] 대세는 데이터기반 에너지정책,대세,neutral,"{'negative': 0.016182227, 'positive': 0.029520588, 'neutral': 99.9543}"
주택시장 안정화 ,안정화,positive,"{'negative': 0.020966835, 'positive': 99.79672, 'neutral': 0.18230702}"
유권자들 난리납니다,난리,negative,"{'negative': 99.9624, 'positive': 0.006549213, 'neutral': 0.031050373}"
디지털 전력 솔루션 선보여,디지털,neutral,"{'negative': 0.018710246, 'positive': 0.18348928, 'neutral': 99.7978}"
2035 탄소중립 달성 시나리오 제시,시나리오,neutral,"{'negative': 0.07334536, 'positive': 0.044399157, 'neutral': 99.882256}"
국민의미래와 자유통일당의 난타전,자유통일,negative,"{'negative': 99.981995, 'positive': 0.008213105, 'neutral': 0.009791878}"
국비 확보 전략은?,국비,neutral,"{'negative': 0.04661774, 'positive': 0.072334744, 'neutral': 99.88105}"
마진 등 공개,마진,neutral,"{'negative': 0.030405795, 'positive': 0.05299621, 'neutral': 99.916595}"
민관공 벤치마킹 줄이어,민관공,neutral,"{'negative': 0.14776082, 'positive': 0.35047138, 'neutral': 99.50177}"
녹색정의당 지도부 제주 찾아 지지 호소,도부,positive,"{'negative': 0.059538975, 'positive': 96.03438, 'neutral': 3.9060848}"
경로당에 태양광 설치,설치,neutral,"{'negative': 0.030867135, 'positive': 0.29785332, 'neutral': 99.67128}"
제주 일자리 예산 복원해 미래 열 것 '재선 ,일자리,positive,"{'negative': 0.026600685, 'positive': 83.811295, 'neutral': 16.162102}"
이유 살펴보니,이유,neutral,"{'negative': 0.011090345, 'positive': 0.013981577, 'neutral': 99.97493}"
"기후 위기 대응이 이상론 천호 ""기후 위기 대응이  조천호 """,기후,negative,"{'negative': 46.16302, 'positive': 43.215992, 'neutral': 10.620987}"
[2024 총선 레이더 ' JDC 이사장 지낸,이사장,neutral,"{'negative': 0.15689166, 'positive': 0.024267586, 'neutral': 99.81884}"
요트로 이어진 경북 포항~중국 칭다오 다방면 교류 약속,경북,neutral,"{'negative': 0.04216297, 'positive': 0.2453675, 'neutral': 99.71247}"
투어,투어,neutral,"{'negative': 0.02765483, 'positive': 0.13570046, 'neutral': 99.83665}"
지자체 주도로 대화의 장 마련해야,대화,neutral,"{'negative': 0.30339873, 'positive': 0.06691752, 'neutral': 99.629684}"
재미없어진 이유 있었다,이유,negative,"{'negative': 99.95547, 'positive': 0.011956604, 'neutral': 0.03257981}"
양수발전 추가 건설로 신재생 뒷받침 ,뒷받침,neutral,"{'negative': 0.4344414, 'positive': 48.618855, 'neutral': 50.946705}"
"해상풍력  국동서발전, 수소·양",국동,positive,"{'negative': 0.024241954, 'positive': 85.71604, 'neutral': 14.259716}"
올해 AI 등 첨단기술에 5000억 투입,투입,neutral,"{'negative': 0.09334027, 'positive': 2.0727534, 'neutral': 97.83391}"
샛노란 꽃 만발한 봄,만발,neutral,"{'negative': 0.029449383, 'positive': 0.26201245, 'neutral': 99.70854}"
APEC 정상회의 제주 유치 촉구,촉구,neutral,"{'negative': 0.34925798, 'positive': 0.10053273, 'neutral': 99.55021}"
그린수소 시스템 효과성 입증 성공,성공,positive,"{'negative': 0.023300942, 'positive': 99.95986, 'neutral': 0.016837705}"
중동 시장 향해 날아오르는 제주,중동,positive,"{'negative': 0.023199495, 'positive': 99.94255, 'neutral': 0.034248903}"
총선 제주 당선인들 오영훈 지사 만나 ,당선,neutral,"{'negative': 0.04913568, 'positive': 0.057098653, 'neutral': 99.89377}"
업그레이드된 프로모션 진행,업그레이드,neutral,"{'negative': 0.04323224, 'positive': 2.0601785, 'neutral': 97.89659}"
테크]친환경 모빌리티 해법 ,해법,neutral,"{'negative': 0.03378435, 'positive': 0.047223438, 'neutral': 99.91899}"
녹색미래 위한 에너지 대전환 협력 논의,녹색,neutral,"{'negative': 0.03361522, 'positive': 0.14877148, 'neutral': 99.81761}"
판교 오피스 전력 조달,판교,neutral,"{'negative': 0.021145184, 'positive': 0.023075325, 'neutral': 99.95578}"
지민비조,비조,neutral,"{'negative': 0.18516387, 'positive': 0.11661177, 'neutral': 99.69823}"
분산에너지 특화지역 선점 연구용역 착수,연구,neutral,"{'negative': 0.042719927, 'positive': 0.028138032, 'neutral': 99.929146}"
문연다,가격,neutral,"{'negative': 0.027933631, 'positive': 0.04880638, 'neutral': 99.92326}"
발리는 발리의 재밌는리조트 이름들,리조트,neutral,"{'negative': 0.002029986, 'positive': 0.00895988, 'neutral': 99.98901}"
제주도 달려볼까 제주도,제주도,neutral,"{'negative': 0.14813888, 'positive': 0.9813478, 'neutral': 98.870514}"
덴마크 해상풍력 기반 그린수소 경제 육성 협력,덴마크,neutral,"{'negative': 0.033260006, 'positive': 0.042526, 'neutral': 99.92422}"
분산에너지 특구 선점 경쟁,경쟁,neutral,"{'negative': 0.1478393, 'positive': 0.20997307, 'neutral': 99.64219}"
"경로당에 태양광 발전설비 지원 제주도, 마을회관·",회관,positive,"{'negative': 0.022524957, 'positive': 85.68837, 'neutral': 14.289104}"
2024 대한민국 과학축제,대한민국,neutral,"{'negative': 0.030375509, 'positive': 0.04578569, 'neutral': 99.923836}"
‘2024 대한민국 과학축제,대한민국,neutral,"{'negative': 0.02955602, 'positive': 0.02475069, 'neutral': 99.945694}"
광역지자체가 직접 나선다,직접,neutral,"{'negative': 0.06275719, 'positive': 0.060750116, 'neutral': 99.876495}"
"2025 APEC 정상회의 개최 주도, 2025 APEC",주도,neutral,"{'negative': 0.12428528, 'positive': 0.05067409, 'neutral': 99.82504}"
제주 ‘탐라해상풍력 풍력’ 가 제주 ,풍력,positive,"{'negative': 0.024717808, 'positive': 74.972946, 'neutral': 25.002337}"
러 공장 타격,공장,neutral,"{'negative': 0.08222495, 'positive': 0.01863704, 'neutral': 99.89914}"
[당선인 인터뷰  공감 못 하는,공감,negative,"{'negative': 85.578674, 'positive': 0.016274728, 'neutral': 14.405048}"
재생에너지를 끄는 나라 VS 그린수소를 만드는 나라,나라,neutral,"{'negative': 0.04763702, 'positive': 0.039854944, 'neutral': 99.912506}"
차세대 원자로로 에너지 문제 해결,원자로,neutral,"{'negative': 0.21839897, 'positive': 0.44768393, 'neutral': 99.333916}"
제주시갑 경제피해,제주시,negative,"{'negative': 99.85701, 'positive': 0.004721629, 'neutral': 0.1382701}"
[인사,인사,neutral,"{'negative': 0.03190933, 'positive': 0.020718303, 'neutral': 99.94737}"
`제주 더힐 테라스,더힐,neutral,"{'negative': 0.04390554, 'positive': 0.06983682, 'neutral': 99.88626}"
전국보다 제주 기름값,기름값,neutral,"{'negative': 0.10273706, 'positive': 0.035554513, 'neutral': 99.86171}"
경로당 태양광발전설비 무상 설치,무상,neutral,"{'negative': 0.28923488, 'positive': 17.860388, 'neutral': 81.85038}"
환경엔 악영향,영향,negative,"{'negative': 99.97077, 'positive': 0.01260667, 'neutral': 0.01662416}"
나눔 확산,나눔,positive,"{'negative': 0.021991057, 'positive': 99.96472, 'neutral': 0.01328359}"
대창모터스와 손잡고 화재예방 기술 개발,대창,neutral,"{'negative': 0.0372426, 'positive': 0.24155876, 'neutral': 99.7212}"
현대글로비스,현대,neutral,"{'negative': 0.034214325, 'positive': 0.02347134, 'neutral': 99.942314}"
투루차저 전기차 충전소 전국 3100개소 돌파,돌파,neutral,"{'negative': 0.048115563, 'positive': 0.5444886, 'neutral': 99.407394}"
총선 예비후보를 만나다 총선 예비후보를 만나다],예비,neutral,"{'negative': 0.21459681, 'positive': 2.4856184, 'neutral': 97.29978}"
글로벌제주 논의 제주포럼 31일 폐막,폐막,neutral,"{'negative': 0.028330494, 'positive': 0.024523847, 'neutral': 99.94714}"
한발짝 더,발짝,neutral,"{'negative': 0.063989066, 'positive': 0.30369505, 'neutral': 99.63232}"
제주에 그린수소 충전시설 추가 구축,추가,neutral,"{'negative': 0.06623501, 'positive': 0.10468679, 'neutral': 99.82908}"
서해를 바라보는 너그러운 돌부처들의 절,돌부처,neutral,"{'negative': 0.06472305, 'positive': 1.6067927, 'neutral': 98.32848}"
"당신 편이 되어줄 국선 변호사가 있습니다 ""성범죄 ",국선,neutral,"{'negative': 0.35425887, 'positive': 2.027382, 'neutral': 97.61836}"
하이난성과 교류분야 확대 추진,하이난성,neutral,"{'negative': 0.103040785, 'positive': 2.6950765, 'neutral': 97.20188}"
녹색성장으로 공동번영 이끌자,번영,positive,"{'negative': 0.02093874, 'positive': 99.85924, 'neutral': 0.119822055}"
당 차원 적극 검토,차원,neutral,"{'negative': 0.23676975, 'positive': 0.25267306, 'neutral': 99.51056}"
여행 가볼까 성공예감] 노란 ,성공예감,neutral,"{'negative': 0.0132172275, 'positive': 0.0100951195, 'neutral': 99.976685}"
불안한 제주 주택시장,주택,negative,"{'negative': 99.97274, 'positive': 0.008308015, 'neutral': 0.018953612}"
서민연료 안전 관리에 총력,서민,neutral,"{'negative': 0.378699, 'positive': 17.44575, 'neutral': 82.17555}"
‘그린수소’가 해답 제시,해답,neutral,"{'negative': 0.09583883, 'positive': 0.02865726, 'neutral': 99.8755}"
취약층 에너지 사용 환경 개선 나선다,개선,positive,"{'negative': 0.013648374, 'positive': 99.96885, 'neutral': 0.017501913}"
2035년까지 탄소중립 사회 실현 도전,사회,neutral,"{'negative': 0.087611735, 'positive': 0.08746869, 'neutral': 99.82492}"
[스트레이트  '오픈런' 시대 - 버려진,버려진,negative,"{'negative': 85.61799, 'positive': 0.013837784, 'neutral': 14.3681755}"
‘방부제 골퍼,골퍼,neutral,"{'negative': 0.14657952, 'positive': 4.8331966, 'neutral': 95.020226}"
지정 속도 낸다,속도,neutral,"{'negative': 0.024998087, 'positive': 0.15399943, 'neutral': 99.821}"
넘치는 태양광,태양광,neutral,"{'negative': 0.055756394, 'positive': 0.6426019, 'neutral': 99.30164}"
붙잡고 ,가격,neutral,"{'negative': 2.497675, 'positive': 2.8662992, 'neutral': 94.636024}"
"18 전날  제주-광주, 민주평화와 상",광주,positive,"{'negative': 0.024776312, 'positive': 84.92517, 'neutral': 15.050056}"
차는 70만대 넘는다,가격,neutral,"{'negative': 0.1825162, 'positive': 0.08900551, 'neutral': 99.72848}"
전국 최초 주말돌봄 혁신 ‘꿈낭’ 모델 전국 공유,전국,neutral,"{'negative': 0.10351046, 'positive': 7.1608624, 'neutral': 92.73563}"
서울 한복판에서 울려 퍼진 ,복판,neutral,"{'negative': 0.08838909, 'positive': 0.6163922, 'neutral': 99.29522}"
미래 위해 ,위해,neutral,"{'negative': 0.07632315, 'positive': 0.75970185, 'neutral': 99.16398}"
"하원 중국 노린 틱톡 금지 생생플러스] """,금지,neutral,"{'negative': 0.101774916, 'positive': 0.04309517, 'neutral': 99.85513}"
적극 도와달라,달라,neutral,"{'negative': 0.1304254, 'positive': 0.387687, 'neutral': 99.48189}"
‘앙코르왓트’ 캄보디아 직항편 개설 논의,앙코르왓,neutral,"{'negative': 0.07299832, 'positive': 0.068968095, 'neutral': 99.85803}"
단계별 시행 목소리도,목소리,neutral,"{'negative': 0.06444244, 'positive': 0.053868458, 'neutral': 99.88169}"
주말 끝자락 비,자락,neutral,"{'negative': 0.2886311, 'positive': 0.03775515, 'neutral': 99.673615}"
장기적 비전으로 미래 만들고파,장기,neutral,"{'negative': 0.035398953, 'positive': 0.77288604, 'neutral': 99.19171}"
정호성 기용,기용,negative,"{'negative': 99.88399, 'positive': 0.0031352397, 'neutral': 0.1128807}"
전기차 폐 배터리의 기적 ,기적,positive,"{'negative': 0.026334137, 'positive': 99.9525, 'neutral': 0.021166235}"
차세대 메모리 차세대 메모리,메모리,neutral,"{'negative': 0.0424454, 'positive': 0.06962509, 'neutral': 99.88793}"
지하수 보호 방안 단계적 추진,단계,neutral,"{'negative': 0.08331586, 'positive': 0.14095806, 'neutral': 99.77573}"
기보,기보,neutral,"{'negative': 0.028038522, 'positive': 0.038899645, 'neutral': 99.93306}"
교육균형발전 선도지구 작은학교 네트워크 구성,구성,neutral,"{'negative': 0.038900483, 'positive': 0.20890002, 'neutral': 99.7522}"
차별적 고객가치 제공,가치,positive,"{'negative': 0.023662236, 'positive': 99.93443, 'neutral': 0.041906793}"
국가 총비용 낮출 것,비용,positive,"{'negative': 0.034710202, 'positive': 99.741615, 'neutral': 0.22367506}"
2024년 춘계학술대회 개최,대회,neutral,"{'negative': 0.035058327, 'positive': 0.024223104, 'neutral': 99.94072}"
사랑 실은 제주투어’ 운행,운행,neutral,"{'negative': 0.029291699, 'positive': 0.047181692, 'neutral': 99.92352}"
탄소중립 녹색성장 실천 위한 업무협약 체결,실천,neutral,"{'negative': 0.059736084, 'positive': 1.810803, 'neutral': 98.12946}"
분산법 시행에 따른 전력 시장 대응 방안 세미나 개최,세미나,neutral,"{'negative': 0.038148303, 'positive': 0.022331411, 'neutral': 99.93952}"
1조 7000억대 한화 관광단지 ‘애월포레스트’ 사전 입지 검토,사전,neutral,"{'negative': 0.08678096, 'positive': 0.039367888, 'neutral': 99.87385}"
발전소 건립 전면 철회해야,건립,negative,"{'negative': 99.85528, 'positive': 0.0044887927, 'neutral': 0.1402297}"
[전국 주요 신문 톱뉴스](12일 조간,신문,neutral,"{'negative': 0.019655075, 'positive': 0.018880121, 'neutral': 99.961464}"
제주 그린수소 충전시설 내년 말까지 4개소로 늘 듯,소로,neutral,"{'negative': 0.059354823, 'positive': 0.13445057, 'neutral': 99.8062}"
봉개음식폐기물 처리장 투트랙 카드 꺼내나,카드,neutral,"{'negative': 0.17552601, 'positive': 0.023798816, 'neutral': 99.800674}"
제주에 쌓일 전기차 폐배터리 2만개 차 폐배,폐배,neutral,"{'negative': 0.07393593, 'positive': 0.13309614, 'neutral': 99.79297}"
탄소중립,중립,neutral,"{'negative': 0.04432936, 'positive': 0.15670682, 'neutral': 99.798965}"
경유 가격 이번 주에도 오름세 이어,가격,neutral,"{'negative': 0.024479676, 'positive': 0.032497395, 'neutral': 99.94302}"
제주 그린수소 생태계 확장 방안 모색한다,확장,neutral,"{'negative': 0.038343165, 'positive': 0.5137331, 'neutral': 99.44792}"
청정수소 원년 올해는 직접전,원년,positive,"{'negative': 0.02922407, 'positive': 85.6279, 'neutral': 14.342874}"
제주 음식물 처리 시설 완공,완공,neutral,"{'negative': 0.03973563, 'positive': 0.16929157, 'neutral': 99.79097}"
본예산보다 6.3,예산,neutral,"{'negative': 0.060746267, 'positive': 0.051417112, 'neutral': 99.88784}"
화북2 공공주택지구 개발 청사진 마련 착수,청사진,neutral,"{'negative': 0.039145872, 'positive': 0.031862084, 'neutral': 99.92899}"
전국 평균보다 비싼 기름값,평균,negative,"{'negative': 99.22843, 'positive': 0.3339991, 'neutral': 0.43756676}"
수요 적은 봄철,봄철,neutral,"{'negative': 0.45135227, 'positive': 4.13851, 'neutral': 95.41014}"
캄보디아 총리 만나 ,총리,neutral,"{'negative': 0.11773899, 'positive': 4.639507, 'neutral': 95.24275}"
한림에 LPG 배관망 구축,배관,neutral,"{'negative': 0.028990949, 'positive': 0.022978192, 'neutral': 99.94803}"
제주 중산간에 한화 대규모 관광 개발 제주 중산간에,중산,negative,"{'negative': 85.71466, 'positive': 0.2672773, 'neutral': 14.0180645}"
[기후위기 게 해야?…전문가들,전문가,negative,"{'negative': 85.69499, 'positive': 0.02386865, 'neutral': 14.2811365}"
"[제주소식 자활센터, 업",자활,neutral,"{'negative': 0.0311402, 'positive': 0.021037098, 'neutral': 99.94782}"
제주 광역 음식물류 폐기물처리시설 7년 만에 가동,가동,neutral,"{'negative': 0.17677501, 'positive': 0.6271427, 'neutral': 99.19608}"
민주당 박찬대 대표 면담,대표,neutral,"{'negative': 0.06925118, 'positive': 0.03652083, 'neutral': 99.894226}"
전기차 폐배터리 안전성 정밀 검증 전기,검증,neutral,"{'negative': 0.07604107, 'positive': 0.13958311, 'neutral': 99.78438}"
뜻풀이 해보면,풀이,neutral,"{'negative': 0.0033328955, 'positive': 0.0009827601, 'neutral': 99.99568}"
전력 거래 민간기업 공모,거래,neutral,"{'negative': 0.019307313, 'positive': 0.041693777, 'neutral': 99.938995}"
농업 등 교류 다각화,농업,neutral,"{'negative': 0.05292665, 'positive': 0.26554903, 'neutral': 99.681526}"
관광객 넘치는 제주 넘치는 제주? … ,제주,neutral,"{'negative': 0.26575443, 'positive': 18.07486, 'neutral': 81.659386}"
산둥성과 우호 협력 강화 협의서 체결,산둥성,neutral,"{'negative': 0.042995114, 'positive': 0.34129313, 'neutral': 99.615715}"
기회로 삼아야,아야,neutral,"{'negative': 0.085669845, 'positive': 0.102400735, 'neutral': 99.81193}"
도민 부담 최소화,도민,neutral,"{'negative': 0.32461482, 'positive': 14.429741, 'neutral': 85.24564}"
바이오 육성  우주·UAM·바이오 육성 …,바이오,neutral,"{'negative': 0.13436279, 'positive': 0.40646467, 'neutral': 99.459175}"
제주대 학생들 케네디우주센터 현장교육 간다,케네디,neutral,"{'negative': 0.06464784, 'positive': 0.043762695, 'neutral': 99.89159}"
제주-베트남 롱안성 신산업 분야 교류 강화,롱안,neutral,"{'negative': 0.057924867, 'positive': 0.47712559, 'neutral': 99.46495}"
다이버 안전 위한 ,다이버,neutral,"{'negative': 0.042837683, 'positive': 0.19851722, 'neutral': 99.758644}"
항해지원 기술 개발 추진,항해,neutral,"{'negative': 0.042869072, 'positive': 0.08058341, 'neutral': 99.87655}"
직항로 개설 온 힘,개설,positive,"{'negative': 0.0458513, 'positive': 99.50589, 'neutral': 0.44826165}"
3대 도전,도전,neutral,"{'negative': 0.0676165, 'positive': 0.2568818, 'neutral': 99.6755}"
"[스토리텔링경제  신재생에너지, 볕 들 날보다 바람",스토리텔링,neutral,"{'negative': 0.01858867, 'positive': 0.030794187, 'neutral': 99.950615}"
섬 특성이 되레   특성이 되레 ,되레,positive,"{'negative': 0.10089022, 'positive': 85.582726, 'neutral': 14.316382}"
인조,인조,negative,"{'negative': 99.79984, 'positive': 0.0092528, 'neutral': 0.19090752}"
제주-하이난성,하이난성,neutral,"{'negative': 0.045878187, 'positive': 0.026688233, 'neutral': 99.92744}"
"[리더스포럼] 탄소중립 [리더스포럼] 탄소중립, 비밀은 ",스포,neutral,"{'negative': 0.05022624, 'positive': 0.03602696, 'neutral': 99.91375}"
충북 데이터 기반 행정서비스 활성화 전략 제시,충북,neutral,"{'negative': 0.03216817, 'positive': 0.35994244, 'neutral': 99.60789}"
설치한다,설치,neutral,"{'negative': 0.018526187, 'positive': 0.027981553, 'neutral': 99.95349}"
반도체 등 첨단 기업 유인 효과 효과… ',효과,neutral,"{'negative': 0.3187418, 'positive': 2.33678, 'neutral': 97.344475}"
바람으로 만든 그린수소는 얼마일까 제주의 태양·바람으로,바람,neutral,"{'negative': 0.051408194, 'positive': 0.034536894, 'neutral': 99.914055}"
제주에 환기청정기 필요한 이유 [르포]'청정도시' ,르포,neutral,"{'negative': 0.033190843, 'positive': 0.2241292, 'neutral': 99.74268}"
"작년 이어 제주오피스 사용 전력 재생에너지로 조달 카오, 작년 이어",작년,neutral,"{'negative': 0.043092966, 'positive': 0.05518626, 'neutral': 99.90172}"
"[2024 총선 레이더 총선 레이더] 김한규 ""제주",레이더,neutral,"{'negative': 0.05821058, 'positive': 0.220953, 'neutral': 99.72083}"
사랑 나눔,나눔,positive,"{'negative': 0.021155784, 'positive': 99.856125, 'neutral': 0.12272155}"
[친환경이 돈이다 제주도는 ‘그린’…탄소 없,친환경,neutral,"{'negative': 0.031320486, 'positive': 0.07730501, 'neutral': 99.89137}"
충전 대신 탈부착 탈부착… 전기차 전 대신 탈,대신,neutral,"{'negative': 0.054915562, 'positive': 0.13024342, 'neutral': 99.81484}"
위라이드 등과 자율주행차 도입 등 논의,라이드,neutral,"{'negative': 0.059354536, 'positive': 0.09066092, 'neutral': 99.84998}"
좋은 제주’ 글쎄요 아이 키우기 좋은 제주’ 글쎄요?… 2,글쎄요,negative,"{'negative': 85.70523, 'positive': 0.035592906, 'neutral': 14.259179}"
관광단지 동시 추진에 특혜 공방,동시,negative,"{'negative': 99.97979, 'positive': 0.005712009, 'neutral': 0.014500655}"
제주 기름값 다음달부터 누리집 매주 공개,누리집,neutral,"{'negative': 0.020246673, 'positive': 0.0203449, 'neutral': 99.95941}"
균형발전과 도민복지 공공개발 사업 확대,균형발전,positive,"{'negative': 0.021235676, 'positive': 99.78446, 'neutral': 0.19430289}"
울릉도 제주도로…울릉도·독도로…부,울릉도,neutral,"{'negative': 0.0437458, 'positive': 0.029492276, 'neutral': 99.926765}"
전기차 캐즘 극복할 돌파구될까,돌파구,neutral,"{'negative': 0.068422526, 'positive': 0.034912392, 'neutral': 99.89667}"
김포 서울 편입 공약은 정치적 사기극,공약,negative,"{'negative': 99.98169, 'positive': 0.006518841, 'neutral': 0.011788038}"
기후변화로 1월29일부터 ‘서울의 봄’이라구요,기후변화,neutral,"{'negative': 0.018124063, 'positive': 0.019681346, 'neutral': 99.9622}"
제주포럼 현장서 ‘아세안 플러스 알파’ 협력강화 논의,아세안,neutral,"{'negative': 0.057513736, 'positive': 0.066708766, 'neutral': 99.87578}"
"원탁에 올린  사, 새 탄소흡수",원탁,neutral,"{'negative': 0.044214398, 'positive': 0.034291964, 'neutral': 99.92149}"